<?xml version="1.0" encoding="utf-8"?>
<TableLayout
    xmlns:android="http://schemas.android.com/apk/res/android"
    android:id="@+id/tableLay"
    android:layout_width="match_parent"
    android:layout_height="match_parent"
    android:shrinkColumns="*"
    android:stretchColumns="*">

    <TableRow
        android:id="@+id/tableRow4"
        android:layout_height="wrap_content"
        android:layout_width="match_parent"
        android:gravity="center_horizontal">
        <TextView
            android:id="@+id/textView9"
            android:layout_width="match_parent"
            android:layout_height="wrap_content"
            android:textStyle="bold"
            android:typeface="serif"
            android:textSize="18dp"
            android:text="Match Stats"
            android:gravity="center"
            android:layout_span="6"></TextView>
    </TableRow>

    <TableRow
        android:id="@+id/tableRow1"
        android:layout_height="wrap_content"
        android:layout_width="match_parent">
        <TextView
            android:id="@+id/TextView04"
            android:text="Equipe"
            android:textStyle="bold"
            android:typeface="serif"></TextView>
        <TextView
            android:id="@+id/TextView03"
            android:text="Joueur"
            android:textStyle="bold"
            android:typeface="serif"></TextView>
        <TextView
            android:id="@+id/TextView02"
            android:text="Shoot"
            android:textStyle="bold"
            android:typeface="serif"></TextView>
        <TextView
            android:id="@+id/TextView01"
            android:text="Steel"
            android:textStyle="bold"
            android:typeface="serif"></TextView>
        <TextView
            android:text="Fautes"
            android:id="@+id/textView1"
            android:textStyle="bold"
            android:typeface="serif"></TextView>
    </TableRow>

    <TableRow
        android:id="@+id/tableRow2"
        android:layout_height="wrap_content"
        android:layout_width="match_parent">
        <TextView
            android:id="@+id/nom_equipe"></TextView>
        <TextView
            android:id="@+id/nom_joueur"></TextView>
        <TextView
            android:id="@+id/nb_shoot"></TextView>
        <TextView
            android:id="@+id/nb_steel"></TextView>
        <TextView
            android:id="@+id/nb_fautes"></TextView>

    </TableRow>
</TableLayout>